<?xml version="1.0" ?>
<LOG_ROOT>
	<PROJECT NAME="pcihello">
		<CBX_INST_ENTRY INSTANCE_NAME="|pcihello|pcihellocore:u0|pcihellocore_pcie_hard_ip_0:pcie_hard_ip_0|altpcie_hip_pipen1b_qsys:pcie_internal_hip|altpciexpav_stif_app:avalon_stream_hip_qsys.avalon_bridge|altpciexpav_stif_rx:rx|altpciexpav_stif_rx_cntrl:rx_pcie_cntrl|scfifo:rx_input_fifo" CBX_FILE_NAME="scfifo_9j31.tdf"/>
		<CBX_INST_ENTRY INSTANCE_NAME="|pcihello|pcihellocore:u0|pcihellocore_pcie_hard_ip_0:pcie_hard_ip_0|altpcie_hip_pipen1b_qsys:pcie_internal_hip|altpciexpav_stif_app:avalon_stream_hip_qsys.avalon_bridge|altpciexpav_stif_tx:tx|scfifo:txcmd_fifo" CBX_FILE_NAME="scfifo_8241.tdf"/>
		<CBX_INST_ENTRY INSTANCE_NAME="|pcihello|pcihellocore:u0|pcihellocore_pcie_hard_ip_0:pcie_hard_ip_0|altpcie_hip_pipen1b_qsys:pcie_internal_hip|altpciexpav_stif_app:avalon_stream_hip_qsys.avalon_bridge|altpciexpav_stif_rx:rx|scfifo:pndgtxrd_fifo" CBX_FILE_NAME="scfifo_fj31.tdf"/>
		<CBX_INST_ENTRY INSTANCE_NAME="|pcihello|pcihellocore:u0|pcihellocore_pcie_hard_ip_0:pcie_hard_ip_0|altpcie_hip_pipen1b_qsys:pcie_internal_hip|altpciexpav_stif_app:avalon_stream_hip_qsys.avalon_bridge|altpciexpav_stif_tx:tx|scfifo:rd_bypass_fifo" CBX_FILE_NAME="scfifo_d241.tdf"/>
		<CBX_INST_ENTRY INSTANCE_NAME="|pcihello|pcihellocore:u0|pcihellocore_pcie_hard_ip_0:pcie_hard_ip_0|altpcie_hip_pipen1b_qsys:pcie_internal_hip|altpciexpav_stif_app:avalon_stream_hip_qsys.avalon_bridge|altpciexpav_stif_rx:rx|altsyncram:cpl_ram" CBX_FILE_NAME="altsyncram_5tl1.tdf"/>
		<CBX_INST_ENTRY INSTANCE_NAME="|pcihello|pcihellocore:u0|pcihellocore_pcie_hard_ip_0:pcie_hard_ip_0|altpcie_hip_pipen1b_qsys:pcie_internal_hip|altpciexpav_stif_app:avalon_stream_hip_qsys.avalon_bridge|altpciexpav_stif_tx:tx|altpciexpav_stif_tx_cntrl:tx_cntrl|scfifo:tx_output_fifo" CBX_FILE_NAME="scfifo_gj31.tdf"/>
		<CBX_INST_ENTRY INSTANCE_NAME="|pcihello|pcihellocore:u0|pcihellocore_pcie_hard_ip_0:pcie_hard_ip_0|altpcie_hip_pipen1b_qsys:pcie_internal_hip|altpciexpav_stif_app:avalon_stream_hip_qsys.avalon_bridge|altpciexpav_stif_tx:tx|altpciexpav_stif_txavl_cntrl:txavl|scfifo:pendingrd_fifo" CBX_FILE_NAME="scfifo_s031.tdf"/>
		<CBX_INST_ENTRY INSTANCE_NAME="|pcihello|pcihellocore:u0|pcihellocore_pcie_hard_ip_0:pcie_hard_ip_0|pcihellocore_pcie_hard_ip_0_altgx_internal:altgx_internal|pcihellocore_pcie_hard_ip_0_altgx_internal_alt_c3gxb_svh8:pcihellocore_pcie_hard_ip_0_altgx_internal_alt_c3gxb_svh8_component|altpll:pll0" CBX_FILE_NAME="altpll_nn81.tdf"/>
		<CBX_INST_ENTRY INSTANCE_NAME="|pcihello|pcihellocore:u0|pcihellocore_pcie_hard_ip_0:pcie_hard_ip_0|altpcie_hip_pipen1b_qsys:pcie_internal_hip|altpciexpav_stif_app:avalon_stream_hip_qsys.avalon_bridge|altpciexpav_stif_control_register:cntrl_reg|altpciexpav_stif_cr_mailbox:i_a2p_mb|altsyncram:altsyncram_component" CBX_FILE_NAME="altsyncram_1sc1.tdf"/>
		<CBX_INST_ENTRY INSTANCE_NAME="|pcihello|pcihellocore:u0|pcihellocore_pcie_hard_ip_0:pcie_hard_ip_0|altpcie_hip_pipen1b_qsys:pcie_internal_hip|altpciexpav_stif_app:avalon_stream_hip_qsys.avalon_bridge|altpciexpav_stif_control_register:cntrl_reg|altpciexpav_stif_cr_mailbox:i_p2a_mb|altsyncram:altsyncram_component" CBX_FILE_NAME="altsyncram_1sc1.tdf"/>
		<CBX_INST_ENTRY INSTANCE_NAME="|pcihello|pcihellocore:u0|pcihellocore_pcie_hard_ip_0:pcie_hard_ip_0|altpcie_hip_pipen1b_qsys:pcie_internal_hip|altpciexpav_stif_app:avalon_stream_hip_qsys.avalon_bridge|altpciexpav_stif_tx:tx|scfifo:wrdat_fifo" CBX_FILE_NAME="scfifo_3131.tdf"/>
		<CBX_INST_ENTRY INSTANCE_NAME="|pcihello|pcihellocore:u0|pcihellocore_pcie_hard_ip_0:pcie_hard_ip_0|altpcie_hip_pipen1b_qsys:pcie_internal_hip|altpciexpav_stif_app:avalon_stream_hip_qsys.avalon_bridge|altpciexpav_stif_tx:tx|altsyncram:tx_cpl_buff" CBX_FILE_NAME="altsyncram_ish1.tdf"/>
	</PROJECT>
</LOG_ROOT>
